ID,es-es,en-us,de-de,fr-fr,nl-nl,it-it,pt-pt,pl-pl
MREW,Acumula puntos MeliáRewards,Earn MeliáRewards points,MeliáRewards-Punkte sammeln,Cumulez des points MeliáRewards,MeliáRewards punten sparen,Accumula punti MeliáRewards,Acumule pontos MeliáRewards,Zbieraj punkty MeliáRewards
MRED,Hasta -20% dto. MeliáRewards,Up to -20% off MeliáRewards,Bis zu -20% Rabatt MeliáRewards,Jusqu'à -20% de réduc. MeliáRewards,Tot -20% korting MeliáRewards,Fino al -20% di sconto MeliáRewards,Até -20% desc. MeliáRewards,Do -20% zniżki MeliáRewards
MPM,Pago Puntos + Dinero,Points + Cash payment,Zahlung mit Punkten + Geld,Paiement Points + Argent,Punten + Geld betaling,Pagamento Punti + Denaro,Pagamento Pontos + Dinheiro,Płatność Punkty + Pieniądze
MRB,Beneficios MeliáRewards,MeliáRewards benefits,MeliáRewards-Vorteile,Avantages MeliáRewards,MeliáRewards voordelen,Vantaggi MeliáRewards,Benefícios MeliáRewards,Korzyści MeliáRewards
MESC,Meliá Escapes (Vuelo + Hotel),Meliá Escapes (Flight + Hotel),Meliá Escapes (Flug + Hotel),Meliá Escapes (Vol + Hôtel),Meliá Escapes (Vlucht + Hotel),Meliá Escapes (Volo + Hotel),Meliá Escapes (Voo + Hotel),Meliá Escapes (Lot + Hotel)
YHI,Relájate en el YHI Spa,Relax at YHI Spa,Entspannen Sie im YHI Spa,Détendez-vous au YHI Spa,Ontspan in de YHI Spa,Rilassati alla YHI Spa,Relaxe no YHI Spa,Zrelaksuj się w YHI Spa
LEV,Servicio The Level,The Level service,The Level Service,Service The Level,The Level-service,Servizio The Level,Serviço The Level,Usługa The Level
RLEV,Experiencia RedLevel,RedLevel experience,RedLevel Erlebnis,Expérience RedLevel,RedLevel ervaring,Esperienza RedLevel,Experiência RedLevel,Doświadczenie RedLevel
PET,Hoteles Pet Friendly,Pet Friendly hotels,Haustierfreundliche Hotels,Hôtels acceptant les animaux,Huisdiervriendelijke hotels,Hotel Pet Friendly,Hotéis Pet Friendly,Hotele przyjazne zwierzętom
KID,Programa Kids & Co,Kids & Co program,Kids & Co Programm,Programme Kids & Co,Kids & Co programma,Programma Kids & Co,Programa Kids & Co,Program Kids & Co
ROM,Romance by Meliá,Romance by Meliá,Romance by Meliá,Romance by Meliá,Romance by Meliá,Romance by Meliá,Romance by Meliá,Romance by Meliá
ALLI,Disfruta del Todo Incluido,Enjoy All Inclusive,All Inclusive genießen,Profitez du Tout Compris,Geniet van All Inclusive,Goditi l'All Inclusive,Desfrute do Tudo Incluído,Ciesz się All Inclusive
DIN,Destination Inclusive®,Destination Inclusive®,Destination Inclusive®,Destination Inclusive®,Destination Inclusive®,Destination Inclusive®,Destination Inclusive®,Destination Inclusive®
LCO,Late Check-out,Late Check-out,Später Check-out,Départ tardif,Late Check-out,Late Check-out,Check-out tardio,Późne wymeldowanie
WIF,Wi-Fi gratis,Free Wi-Fi,Kostenloses WLAN,Wi-Fi gratuit,Gratis wifi,Wi-Fi gratuito,Wi-Fi grátis,Darmowe Wi-Fi
CAN,Cancelación gratuita,Free cancellation,Kostenlose Stornierung,Annulation gratuite,Gratis annuleren,Cancellazione gratuita,Cancelamento grátis,Darmowe anulowanie
