Destino,Abr_Destino
Madrid,MAD
Barcelona,BCN
Valencia,VLC
Alicante,ALC
Sevilla,SVQ
Malaga,AGP
Marbella,MAR
Cadiz,CAD
Ibiza,IBZ
Mallorca,PMI
Menorca,MAH
Tenerife,TFS
Gran Canaria,LPA
Lanzarote,ACE
Fuerteventura,FUE
London,LON
Manchester,MAN
Liverpool,LPL
Newcastle,NCL
Paris,PAR
Milan,MIL
Rome,ROM
Berlin,BER
Munich,MUC
Frankfurt,FRA
Leipzig,LEJ
Dresden,DRS
Bremen,BRE
Vienna,VIE
Amsterdam,AMS
New York,NYC
Orlando,ORL
Miami,MIA
Los Cabos,SJD
Cancun,CUN
Playa del Carmen,PDC
Punta Cana,PUJ
Nassau,NAS
Jamaica,JAM
Dubai,DXB
Bali,DPS
Koh Samui,USM
Ho Tram,SGN
Jakarta,CGK
Xian,XIY
Zanzibar,ZNZ
Iguazu,IGU
Buenos Aires,BUE
Sao Paulo,SAO
Caracas,CCS
Havana,HAV
Varadero,VRA
Cayo Coco,CCCLa Palma
Formentera,FMA
Bilbao,BIO
Zaragoza,ZAZ
Venice,VCE
Florence,FLR
Dusseldorf,DUS
Riviera Maya,RIV
Puerto Vallarta,PVR
Lima,LIM
Yogyakarta,JOG
Phuket,HKT
Chiang Mai,CNX
Danang,DAD
Hanoi,HAN
Shanghai,SHA
Kuala Lumpur,KUL
Yangon,RGN