Hotel,Abr_Hotel
Gran Meliá Palacio de los Duques,GMPD
Gran Meliá Fénix,GMFN
Gran Meliá Victoria,GMVC
Gran Meliá Don Pepe,GMDP
Gran Meliá Sancti Petri,GMSP
Gran Meliá Iguazú,GMIG
Gran Meliá Jakarta,GMJK
Gran Meliá Xian,GMXN
ME London,MELN
ME Dubai,MEDB
ME Milan Il Duca,MEMI
ME Madrid Reina Victoria,MEMD
ME Ibiza,MEIB
ME Sitges Terramar,MEST
ME Cabo,MECB
Paradisus Palma Real Golf & Spa Resort,PPR
Paradisus Grand Cana,PGC
Paradisus Cancun,PCUN
Paradisus Playa del Carmen,PPDC
Paradisus Los Cabos,PLC
Paradisus La Perla,PLP
Paradisus Gran Canaria,PGC
Meliá Castilla,MCAS
Meliá Madrid Princesa,MMPR
Meliá Barcelona Sky,MBSK
Meliá Barcelona Sarrià,MBSA
Meliá Valencia,MVAL
Meliá Alicante,MALI
Meliá Sitges,MSIT
Meliá Bilbao,MBIL
Meliá Sevilla,MSEV
Meliá Lebreros,MLEB
Meliá Marbella Banús,MMBA
Meliá Costa del Sol,MCDS
Meliá Cala Galdana,MCGA
Meliá Palma Marina,MPMA
Meliá South Park,MSOP
Meliá London Kensington,MLKE
Meliá Paris La Défense,MPLD
Meliá Paris Tour Eiffel,MPTE
Meliá Milano,MMIL
Meliá Berlin,MBER
Meliá Vienna,MVIE
Meliá White House,MWH
Meliá Caribe Beach Resort,MCBR
Meliá Punta Cana Beach Resort,MPCB
Meliá Braco Village,MBV
Meliá Nassau Beach,MNB
Meliá Orlando Celebration,MOC
Meliá Koh Samui,MKS
Meliá Bali,MBAL
Meliá Ho Tram Beach Resort,MHT
Meliá Zanzibar,MZAN
Meliá Desert Palm,MDP
INNSiDE New York Nomad,INYN
INNSiDE Manchester,INMA
INNSiDE Liverpool,INLI
INNSiDE Newcastle,INNE
INNSiDE Berlin Mitte,INBM
INNSiDE Frankfurt Eurotheum,INFE
INNSiDE Munich Parkstadt Schwabing,INMP
INNSiDE Leipzig,INLE
INNSiDE Dresden,INDR
INNSiDE Bremen,INBR
INNSiDE Paris Charles de Gaulle,INCD
INNSiDE Madrid Gran Vía,INMG
INNSiDE Palma Center,INPC
INNSiDE Ibiza Beach,INIB
Zel Mallorca,ZMAL
Zel Costa Brava,ZCB
Sol Katmandu Park & Resort,SKP
Sol Guadalupe,SGU
Sol Palmanova,SPA
Sol Barbados,SBA
Sol House The Studio,SHTS
Sol Wave House,SWH
Sol Arona Tenerife,SAT
Sol Tenerife,STE
Sol Costa Atlantis,SCA
Sol Torremolinos,STO
Sol Don Pablo,SDP
Sol Don Pedro,SDPE
Sol Don Marco,SDM
Sol Principe,SPR
Sol Timor,STI
Villa Le Blanc Gran Meliá,VLB
Hotel de Mar Gran Meliá,HDM
