Channel,Name,Size,Width,Height,Weight,Type
Amazon,Wide Skyscraper,160x600,160,600,150,img
Amazon,Half Page Ad,300x600,300,600,150,img
Amazon,Medium Rectangle,300x250,300,250,150,img
Amazon,Mobile Leaderboard,320x50,320,50,150,img
Amazon,Leaderboard,728x90,728,90,150,img
Amazon,Billboard,970x250,970,250,150,img
App,Fondo,1080x1200,1080,1200,500,img
App,Stories,1080x1700,1080,1700,500,img
Criteo RTG,Banner Genérico,1200x628,1200,628,150,img
Criteo RTG,Banner Cuadrado,1200x1200,1200,1200,150,img
Criteo RTG,Banner Vertical,800x1200,800,1200,150,img
Criteo RTG,Skyscraper,120x600,120,600,150,img
Criteo RTG,Wide Skyscraper,160x600,160,600,150,img
Criteo RTG,Half Page Ad,300x600,300,600,150,img
Criteo RTG,Medium Rectangle,300x250,300,250,150,img
Criteo RTG,Large Rectangle,336x280,336,280,150,img
Criteo RTG,Mobile Leaderboard,320x50,320,50,150,img
Criteo RTG,Full Banner,468x60,468,60,150,img
Criteo RTG,Leaderboard,728x90,728,90,150,img
Criteo RTG,Large Leaderboard,970x90,970,90,150,img
Criteo RTG,Billboard,970x250,970,250,150,img
YT / Demand Gen,Landscape,1200x628,1200,628,150,img
YT / Demand Gen,Square,1200x1200,1200,1200,150,img
YT / Demand Gen,Portrait,960x1200,960,1200,150,img
Meta,Image Feed,1080x1080,1080,1080,150,img
Meta,Stories Image,1080x1920,1080,1920,150,img
Meta,Vídeo feed,1080x1080,1080,1080,4096,vid
Meta,Vídeo stories,1080x1920,1080,1920,4096,vid
Newsletter,Desktop,1200x900,1200,900,500,img
Newsletter,Mobile,1200x1200,1200,1200,500,img
Newsletter,Footer,1200x900,1200,900,500,img
Paquetes,Slide Meliá Escapes,1366x600,1366,600,500,img
Paquetes,Slide Mobile Meliá Escapes,480x400,480,400,500,img
Paquetes,Slide Paquetes US/CA,1366x400,1366,400,500,img
Paquetes,Paquetes MX Banner 1,1920x450,1920,450,500,img
Meta,Videotemplate vertical,1080x1920,1080,1920,10240,vid
Meta,Videotemplate cuadrado,1080x1080,1080,1080,10240,vid
Tik Tok,Vídeo vertical,1080x1920,1080,1920,10240,vid
Web,Slide ofertas desktop,1366x600,1366,600,500,img
Web,Landing desktop,2732x1200,2732,1200,1024,img