id_usp,es,en,de,fr,nl,it,pt,pl
MRWD,Hasta -10% para miembros MeliáRewards,Up to 10% off for MeliáRewards members,Bis zu 10 % Rabatt für MeliáRewards-Mitglieder,Jusqu'à -10 % pour les membres MeliáRewards,Tot 10% korting voor MeliáRewards-leden,Fino al -10% per i membri MeliáRewards,Até -10% para membros MeliáRewards,Do 10% zniżki dla członków MeliáRewards
PTCS,Paga con Puntos + Dinero,Pay with Points + Cash,Mit Punkten + Geld bezahlen,Payez avec Points + Argent,Betaal met Punten + Geld,Paga con Punti + Denaro,Pague com Pontos + Dinheiro,Płać Punktami + Gotówką
EBB,Hasta -35% descuento por reserva anticipada,Up to 35% early booking discount,Bis zu 35 % Frühbucherrabatt,Jusqu'à 35 % de réduction pour réservation anticipée,Tot 35% vroegboekkorting,Fino al 35% di sconto per prenotazioni anticipate,Até 35% de desconto em reserva antecipada,Do 35% zniżki za wczesną rezerwację
FCAN,Cancelación Gratuita,Free Cancellation,Kostenlose Stornierung,Annulation Gratuite,Gratis Annuleren,Cancellazione Gratuita,Cancelamento Gratuito,Bezpłatna anulacja
KIDD,Primer niño gratis*,First child stays free*,Erstes Kind übernachtet kostenlos*,Séjour gratuit pour le premier enfant*,Eerste kind verblijft gratis*,Primo bambino gratis*,Primeira criança grátis*,Pierwsze dziecko bezpłatnie*
ADUL,Hoteles Solo Adultos,Adults Only Hotels,Adults Only Hotels,Hôtels Adults Only,Adults Only Hotels,Hotel Adults Only,Hotéis Adults Only,Hotele Tylko dla Dorosłych
DINCL,Destination Inclusive® Luxury,Destination Inclusive® Luxury,Destination Inclusive® Luxury,Destination Inclusive® Luxury,Destination Inclusive® Luxury,Destination Inclusive® Luxury,Destination Inclusive® Luxury,Destination Inclusive® Luxury
YHI,YHI Spa & Wellness,YHI Spa & Wellness,YHI Spa & Wellness,YHI Spa & Wellness,YHI Spa & Wellness,YHI Spa & Wellness,YHI Spa & Wellness,YHI Spa & Wellness
THEL,Servicio Exclusivo The Level,Exclusive The Level Service,Exklusiver The Level Service,Service Exclusif The Level,Exclusieve The Level Service,Servizio Esclusivo The Level,Serviço Exclusivo The Level,Ekskluzywna obsługa The Level
REDL,Servicio RedLevel (Gran Meliá),RedLevel Service (Gran Meliá),RedLevel Service (Gran Meliá),Service RedLevel (Gran Meliá),RedLevel Service (Gran Meliá),Servizio RedLevel (Gran Meliá),Serviço RedLevel (Gran Meliá),Obsługa RedLevel (Gran Meliá)
PETF,Hoteles Pet Friendly,Pet Friendly Hotels,Haustierfreundliche Hotels,Hôtels Pet Friendly,Huisdiervriendelijke hotels,Hotel Pet Friendly,Hotéis Pet Friendly,Hotele przyjazne zwierzętom
MESC,Meliá Escapes (Vuelo + Hotel),Meliá Escapes (Flight + Hotel),Meliá Escapes (Flug + Hotel),Meliá Escapes (Vol + Hôtel),Meliá Escapes (Vlucht + Hotel),Meliá Escapes (Volo + Hotel),Meliá Escapes (Voo + Hotel),Meliá Escapes (Lot + Hotel)